id,name
abderrahim-zizi,Abderrahim Zizi
ayoub-harij,Ayoub Harij
maha-bennani,Maha Bennani
malak-bennani,Malak Bennani
mehdi-cherif-alami,Mehdi Cherif Alami
moncef-chlouchi,Moncef Chlouchi
omar-el-kouhene,Omar El Kouhene
